{
  "5:9:50": [
    1.0
  ],
  "1:12:30": [
    0.0,
    0.5,
    0.0,
    0.0,
    1.0
  ],
  "6:9:30": [
    0.0,
    0.0,
    0.5,
    0.0,
    0.0,
    0.0,
    0.0,
    1.0
  ],
  "5:15:30": [
    0.0,
    0.0,
    0.0,
    0.3333333333333333,
    0.5,
    0.0,
    0.0,
    1.0
  ],
  "0:16:30": [
    0.0,
    1.0,
    0.0,
    0.0,
    1.0
  ],
  "6:18:30": [
    0.0,
    0.0,
    1.0
  ],
  "6:22:00": [
    0.3333333333333333,
    0.5,
    0.0,
    0.0,
    0.0,
    0.0,
    0.0,
    0.0,
    0.0,
    0.0,
    0.0,
    1.0
  ],
  "6:18:00": [
    0.0,
    0.0,
    0.0,
    0.0,
    1.0
  ],
  "5:19:30": [
    0.0,
    0.0,
    0.0,
    1.0
  ],
  "3:10:30": [
    0.0,
    0.0,
    0.25,
    0.0,
    0.0,
    0.3333333333333333,
    0.0,
    0.5,
    0.0,
    0.0,
    1.0
  ],
  "3:6:30": [
    0.0,
    0.0,
    1.0
  ],
  "6:20:00": [
    0.25,
    0.0,
    0.0,
    0.0,
    0.3333333333333333,
    0.5,
    0.0,
    1.0
  ],
  "5:2:30": [
    0.0,
    0.0,
    0.0,
    0.0,
    1.0
  ],
  "5:18:30": [
    0.0,
    0.0,
    0.0,
    0.0,
    0.0,
    0.0,
    1.0
  ],
  "2:15:00": [
    0.0,
    0.3333333333333333,
    0.5,
    0.0,
    0.0,
    0.0,
    0.0,
    1.0
  ],
  "2:12:00": [
    0.0,
    0.0,
    0.0,
    0.0,
    0.0,
    1.0
  ],
  "5:21:30": [
    0.0,
    0.5,
    0.0,
    0.0,
    1.0
  ],
  "5:12:30": [
    0.0,
    0.2,
    0.0,
    0.0,
    0.75,
    1.0
  ],
  "0:15:30": [
    0.0,
    0.0,
    0.0,
    0.0,
    0.0,
    0.0,
    0.0,
    1.0
  ],
  "4:15:00": [
    0.0,
    0.0,
    0.0,
    0.0,
    0.3333333333333333,
    0.5,
    0.0,
    0.0,
    1.0
  ],
  "6:6:00": [
    0.5,
    0.0,
    0.0,
    0.0,
    0.0,
    0.0,
    0.0,
    0.0,
    1.0
  ],
  "6:20:30": [
    0.0,
    0.0,
    0.25,
    0.0,
    0.3333333333333333,
    0.5,
    0.0,
    1.0
  ],
  "4:7:30": [
    0.3333333333333333,
    0.3333333333333333,
    0.0,
    0.0,
    0.5,
    1.0
  ],
  "5:4:30": [
    0.5,
    0.0,
    1.0,
    0.0,
    0.0,
    0.0,
    0.0,
    0.0,
    1.0
  ],
  "6:17:30": [
    0.0,
    0.0,
    0.3333333333333333,
    0.0,
    0.0,
    0.0,
    0.5,
    0.0,
    1.0
  ],
  "0:20:00": [
    0.0,
    0.6666666666666666,
    0.0,
    0.0,
    0.0,
    1.0
  ],
  "1:8:30": [
    0.5,
    0.0,
    0.0,
    0.0,
    1.0
  ],
  "3:4:30": [
    0.0,
    0.25,
    0.0,
    0.0,
    0.0,
    0.0,
    0.0,
    0.6666666666666666,
    1.0
  ],
  "2:3:00": [
    0.0,
    0.0,
    0.0,
    0.0,
    0.5,
    0.0,
    0.0,
    0.0,
    0.0,
    1.0
  ],
  "3:23:00": [
    0.0,
    0.3333333333333333,
    0.5,
    0.0,
    1.0
  ],
  "2:12:30": [
    0.5,
    0.5,
    1.0
  ],
  "6:11:30": [
    0.0,
    0.5,
    0.0,
    0.0,
    0.0,
    0.0,
    1.0
  ],
  "4:12:30": [
    0.0,
    0.0,
    0.25,
    0.6666666666666666,
    0.0,
    0.0,
    0.0,
    1.0
  ],
  "2:0:30": [
    0.25,
    0.3333333333333333,
    0.0,
    0.0,
    0.0,
    0.5,
    0.0,
    1.0
  ],
  "3:6:00": [
    0.0,
    0.5,
    0.0,
    1.0
  ],
  "5:6:00": [
    0.0,
    0.5,
    0.0,
    0.0,
    0.0,
    1.0
  ],
  "5:7:30": [
    0.0,
    0.0,
    0.0,
    0.0,
    0.0,
    0.0,
    0.0,
    0.0,
    0.0,
    1.0
  ],
  "0:21:00": [
    0.0,
    0.0,
    0.0,
    0.0,
    1.0
  ],
  "2:20:00": [
    0.0,
    0.0,
    0.5,
    0.0,
    0.0,
    0.0,
    0.0,
    0.0,
    1.0
  ],
  "2:4:00": [
    0.0,
    0.0,
    1.0
  ],
  "3:2:30": [
    0.0,
    0.0,
    0.0,
    0.0,
    0.5,
    0.0,
    0.0,
    1.0
  ],
  "6:21:00": [
    0.6666666666666666,
    0.0,
    1.0
  ],
  "0:9:00": [
    0.0,
    0.0,
    0.0,
    1.0
  ],
  "1:20:00": [
    0.0,
    0.3333333333333333,
    0.0,
    0.0,
    0.5,
    0.0,
    0.0,
    0.0,
    1.0
  ],
  "6:7:00": [
    0.2,
    0.0,
    0.25,
    0.0,
    0.3333333333333333,
    0.0,
    0.0,
    1.0
  ],
  "5:1:00": [
    0.3333333333333333,
    0.0,
    0.0,
    0.0,
    0.5,
    0.0,
    0.0,
    1.0
  ],
  "6:13:30": [
    0.0,
    1.0
  ],
  "5:7:00": [
    0.0,
    0.0,
    0.0,
    0.0,
    0.5,
    0.0,
    0.0,
    1.0
  ],
  "0:0:00": [
    0.0,
    0.0,
    0.0,
    0.0,
    0.0,
    0.0,
    0.0,
    0.0,
    1.0
  ],
  "3:3:30": [
    0.0,
    0.0,
    0.0,
    0.0,
    0.0,
    1.0
  ],
  "4:13:00": [
    0.0,
    0.0,
    0.0,
    0.0,
    0.0,
    1.0
  ],
  "2:6:00": [
    0.0,
    0.3333333333333333,
    0.0,
    0.0,
    0.0,
    1.0
  ],
  "6:12:00": [
    0.0,
    0.0,
    1.0
  ],
  "1:4:30": [
    0.0,
    0.0,
    0.0,
    0.0,
    0.0,
    0.0,
    0.0,
    1.0
  ],
  "6:5:00": [
    0.0,
    0.0,
    0.5,
    0.0,
    0.0,
    1.0
  ],
  "3:8:30": [
    0.0,
    0.0,
    0.0,
    0.0,
    0.0,
    0.0,
    1.0
  ],
  "3:1:00": [
    0.0,
    0.0,
    0.0,
    0.0,
    0.0,
    0.0,
    0.0,
    0.0,
    1.0
  ],
  "1:0:30": [
    1.0
  ],
  "5:3:00": [
    0.0,
    0.0,
    0.0,
    0.0,
    1.0
  ],
  "2:11:00": [
    1.0,
    0.0,
    0.0,
    1.0
  ],
  "2:5:00": [
    0.0,
    0.0,
    1.0
  ],
  "3:15:30": [
    0.0,
    0.3333333333333333,
    0.0,
    0.0,
    1.0
  ],
  "1:2:30": [
    0.0,
    0.5,
    0.0,
    0.0,
    0.0,
    0.5,
    0.0,
    0.0,
    1.0
  ],
  "0:22:00": [
    0.0,
    0.0,
    0.0,
    0.0,
    0.0,
    0.0,
    1.0
  ],
  "3:22:00": [
    0.0,
    0.0,
    0.0,
    0.0,
    1.0,
    0.0,
    1.0
  ],
  "5:15:00": [
    1.0
  ],
  "2:1:30": [
    0.0,
    0.3333333333333333,
    0.5,
    0.0,
    0.0,
    1.0
  ],
  "1:0:00": [
    0.0,
    0.5,
    0.0,
    0.0,
    0.0,
    0.0,
    1.0
  ],
  "1:20:30": [
    0.0,
    0.0,
    1.0
  ],
  "3:20:30": [
    0.0,
    0.0,
    0.5,
    1.0
  ],
  "6:15:30": [
    0.0,
    0.0,
    0.0,
    0.0,
    0.0,
    1.0
  ],
  "6:6:30": [
    0.0,
    0.0,
    1.0,
    1.0
  ],
  "2:10:00": [
    0.0,
    0.5,
    0.0,
    0.0,
    1.0
  ],
  "4:11:00": [
    0.0,
    0.0,
    0.0,
    0.5,
    0.0,
    1.0
  ],
  "4:20:00": [
    0.0,
    0.0,
    0.0,
    0.0,
    0.0,
    0.5,
    0.0,
    1.0
  ],
  "0:4:30": [
    0.0,
    0.0,
    0.0,
    0.0,
    0.0,
    0.0,
    0.0,
    0.0,
    1.0
  ],
  "4:1:30": [
    0.0,
    0.0,
    0.0,
    0.0,
    1.0
  ],
  "6:12:30": [
    0.0,
    0.0,
    1.0
  ],
  "1:23:00": [
    0.0,
    0.0,
    0.0,
    1.0
  ],
  "3:8:00": [
    0.0,
    0.5,
    0.0,
    0.0,
    0.0,
    0.0,
    1.0
  ],
  "2:23:00": [
    0.0,
    0.0,
    0.5,
    0.0,
    0.0,
    1.0
  ],
  "1:3:00": [
    0.25,
    0.0,
    0.0,
    0.0,
    0.6666666666666666,
    0.0,
    0.0,
    0.0,
    0.0,
    0.0,
    1.0
  ],
  "5:20:00": [
    0.0,
    0.0,
    0.0,
    0.0,
    0.0,
    1.0
  ],
  "6:2:00": [
    0.0,
    0.0,
    0.0,
    0.0,
    0.0,
    1.0
  ],
  "2:14:30": [
    0.0,
    0.0,
    0.0,
    0.0,
    1.0
  ],
  "6:21:30": [
    0.0,
    0.3333333333333333,
    0.0,
    0.0,
    0.3333333333333333,
    0.0,
    0.0,
    1.0
  ],
  "3:9:30": [
    0.0,
    0.0,
    0.0,
    0.0,
    0.5,
    0.0,
    0.0,
    1.0
  ],
  "3:12:00": [
    0.0,
    0.0,
    0.0,
    0.5,
    1.0,
    1.0
  ],
  "5:1:30": [
    0.0,
    0.0,
    0.25,
    0.3333333333333333,
    0.5,
    0.0,
    0.0,
    1.0
  ],
  "4:21:30": [
    0.0,
    0.5,
    0.0,
    0.0,
    1.0
  ],
  "0:5:30": [
    0.0,
    0.0,
    0.0,
    0.0,
    0.0,
    0.0,
    0.0,
    0.0,
    1.0
  ],
  "5:10:30": [
    1.0,
    1.0
  ],
  "2:19:30": [
    0.0,
    0.16666666666666666,
    0.2,
    0.25,
    0.3333333333333333,
    0.0,
    0.0,
    0.5,
    1.0
  ],
  "4:6:00": [
    0.0,
    0.0,
    0.0,
    0.0,
    0.3333333333333333,
    0.5,
    0.0,
    1.0
  ],
  "0:14:30": [
    0.0,
    0.0,
    0.5,
    0.0,
    0.0,
    1.0
  ],
  "1:18:00": [
    0.0,
    0.3333333333333333,
    0.5,
    0.0,
    0.0,
    0.0,
    0.0,
    1.0
  ],
  "3:19:00": [
    0.0,
    0.0,
    0.0,
    0.0,
    0.6666666666666666,
    0.0,
    0.0,
    1.0
  ],
  "2:14:00": [
    1.0
  ],
  "1:16:00": [
    0.0,
    0.0,
    0.0,
    0.0,
    0.5,
    0.0,
    0.0,
    0.0,
    1.0
  ],